Position,Trial,WT Sequence,Mutated Sequence,Mutant,Energy Score,Backbone RMSD,Folded Energy Delta,SMILES
1,0,EVQLVESGGGLVQPGGSLRLSCAASGFTFRSFGMSWVRQAPGKEPEWVSSISGSGSDTLYADSVKGRFTISRDNAKTTLYLQMNSLKPEDTAVYYCTIGGSLSRSSQGTQVTVSSLPE,XVQLVESGGGLVQPGGSLRLSCAASGFTFRSFGMSWVRQAPGKEPEWVSSISGSGSDTLYADSVKGRFTISRDNAKTTLYLQMNSLKPEDTAVYYCTIGGSLSRSSQGTQVTVSSLPE,NAT,2.718064796416911,0.13858665525913239,16.998935829840093, N[C@H](C(=O)[O-])C(c1ccccc1)c1ccccc1
10,0,EVQLVESGGGLVQPGGSLRLSCAASGFTFRSFGMSWVRQAPGKEPEWVSSISGSGSDTLYADSVKGRFTISRDNAKTTLYLQMNSLKPEDTAVYYCTIGGSLSRSSQGTQVTVSSLPE,EVQLVESGGXLVQPGGSLRLSCAASGFTFRSFGMSWVRQAPGKEPEWVSSISGSGSDTLYADSVKGRFTISRDNAKTTLYLQMNSLKPEDTAVYYCTIGGSLSRSSQGTQVTVSSLPE,NAT,0.01957216989922017,0.24616633355617523,17.147084662482712, N[C@H](C(=O)[O-])C(c1ccccc1)c1ccccc1
100,0,EVQLVESGGGLVQPGGSLRLSCAASGFTFRSFGMSWVRQAPGKEPEWVSSISGSGSDTLYADSVKGRFTISRDNAKTTLYLQMNSLKPEDTAVYYCTIGGSLSRSSQGTQVTVSSLPE,EVQLVESGGGLVQPGGSLRLSCAASGFTFRSFGMSWVRQAPGKEPEWVSSISGSGSDTLYADSVKGRFTISRDNAKTTLYLQMNSLKPEDTAVYYCTIGXSLSRSSQGTQVTVSSLPE,NAT,0.9692848391032385,0.24526286125183105,29.051508089748268, N[C@H](C(=O)[O-])C(c1ccccc1)c1ccccc1
101,0,EVQLVESGGGLVQPGGSLRLSCAASGFTFRSFGMSWVRQAPGKEPEWVSSISGSGSDTLYADSVKGRFTISRDNAKTTLYLQMNSLKPEDTAVYYCTIGGSLSRSSQGTQVTVSSLPE,EVQLVESGGGLVQPGGSLRLSCAASGFTFRSFGMSWVRQAPGKEPEWVSSISGSGSDTLYADSVKGRFTISRDNAKTTLYLQMNSLKPEDTAVYYCTIGGXLSRSSQGTQVTVSSLPE,NAT,0.00581305489231454,0.2491210550069809,11.748328430991023, N[C@H](C(=O)[O-])C(c1ccccc1)c1ccccc1
102,0,EVQLVESGGGLVQPGGSLRLSCAASGFTFRSFGMSWVRQAPGKEPEWVSSISGSGSDTLYADSVKGRFTISRDNAKTTLYLQMNSLKPEDTAVYYCTIGGSLSRSSQGTQVTVSSLPE,EVQLVESGGGLVQPGGSLRLSCAASGFTFRSFGMSWVRQAPGKEPEWVSSISGSGSDTLYADSVKGRFTISRDNAKTTLYLQMNSLKPEDTAVYYCTIGGSXSRSSQGTQVTVSSLPE,NAT,-0.24942151902087062,0.24415762722492218,15.242830850952032, N[C@H](C(=O)[O-])C(c1ccccc1)c1ccccc1
103,0,EVQLVESGGGLVQPGGSLRLSCAASGFTFRSFGMSWVRQAPGKEPEWVSSISGSGSDTLYADSVKGRFTISRDNAKTTLYLQMNSLKPEDTAVYYCTIGGSLSRSSQGTQVTVSSLPE,EVQLVESGGGLVQPGGSLRLSCAASGFTFRSFGMSWVRQAPGKEPEWVSSISGSGSDTLYADSVKGRFTISRDNAKTTLYLQMNSLKPEDTAVYYCTIGGSLXRSSQGTQVTVSSLPE,NAT,-0.07367996645598396,0.253637433052063,19.534438417156707, N[C@H](C(=O)[O-])C(c1ccccc1)c1ccccc1
104,0,EVQLVESGGGLVQPGGSLRLSCAASGFTFRSFGMSWVRQAPGKEPEWVSSISGSGSDTLYADSVKGRFTISRDNAKTTLYLQMNSLKPEDTAVYYCTIGGSLSRSSQGTQVTVSSLPE,EVQLVESGGGLVQPGGSLRLSCAASGFTFRSFGMSWVRQAPGKEPEWVSSISGSGSDTLYADSVKGRFTISRDNAKTTLYLQMNSLKPEDTAVYYCTIGGSLSXSSQGTQVTVSSLPE,NAT,-0.34369858677018783,0.26645979285240173,12.16972909195374, N[C@H](C(=O)[O-])C(c1ccccc1)c1ccccc1
105,0,EVQLVESGGGLVQPGGSLRLSCAASGFTFRSFGMSWVRQAPGKEPEWVSSISGSGSDTLYADSVKGRFTISRDNAKTTLYLQMNSLKPEDTAVYYCTIGGSLSRSSQGTQVTVSSLPE,EVQLVESGGGLVQPGGSLRLSCAASGFTFRSFGMSWVRQAPGKEPEWVSSISGSGSDTLYADSVKGRFTISRDNAKTTLYLQMNSLKPEDTAVYYCTIGGSLSRXSQGTQVTVSSLPE,NAT,-0.04368177288779407,0.23741573095321655,16.27942049489411, N[C@H](C(=O)[O-])C(c1ccccc1)c1ccccc1
106,0,EVQLVESGGGLVQPGGSLRLSCAASGFTFRSFGMSWVRQAPGKEPEWVSSISGSGSDTLYADSVKGRFTISRDNAKTTLYLQMNSLKPEDTAVYYCTIGGSLSRSSQGTQVTVSSLPE,EVQLVESGGGLVQPGGSLRLSCAASGFTFRSFGMSWVRQAPGKEPEWVSSISGSGSDTLYADSVKGRFTISRDNAKTTLYLQMNSLKPEDTAVYYCTIGGSLSRSXQGTQVTVSSLPE,NAT,-0.1665818717287948,0.24927018582820892,15.89945936962772, N[C@H](C(=O)[O-])C(c1ccccc1)c1ccccc1
107,0,EVQLVESGGGLVQPGGSLRLSCAASGFTFRSFGMSWVRQAPGKEPEWVSSISGSGSDTLYADSVKGRFTISRDNAKTTLYLQMNSLKPEDTAVYYCTIGGSLSRSSQGTQVTVSSLPE,EVQLVESGGGLVQPGGSLRLSCAASGFTFRSFGMSWVRQAPGKEPEWVSSISGSGSDTLYADSVKGRFTISRDNAKTTLYLQMNSLKPEDTAVYYCTIGGSLSRSSXGTQVTVSSLPE,NAT,0.02468808133926359,0.24806296825408936,11.858516372256645, N[C@H](C(=O)[O-])C(c1ccccc1)c1ccccc1
108,0,EVQLVESGGGLVQPGGSLRLSCAASGFTFRSFGMSWVRQAPGKEPEWVSSISGSGSDTLYADSVKGRFTISRDNAKTTLYLQMNSLKPEDTAVYYCTIGGSLSRSSQGTQVTVSSLPE,EVQLVESGGGLVQPGGSLRLSCAASGFTFRSFGMSWVRQAPGKEPEWVSSISGSGSDTLYADSVKGRFTISRDNAKTTLYLQMNSLKPEDTAVYYCTIGGSLSRSSQXTQVTVSSLPE,NAT,-0.08483558030320637,0.2855575382709503,83.18012620245986, N[C@H](C(=O)[O-])C(c1ccccc1)c1ccccc1
109,0,EVQLVESGGGLVQPGGSLRLSCAASGFTFRSFGMSWVRQAPGKEPEWVSSISGSGSDTLYADSVKGRFTISRDNAKTTLYLQMNSLKPEDTAVYYCTIGGSLSRSSQGTQVTVSSLPE,EVQLVESGGGLVQPGGSLRLSCAASGFTFRSFGMSWVRQAPGKEPEWVSSISGSGSDTLYADSVKGRFTISRDNAKTTLYLQMNSLKPEDTAVYYCTIGGSLSRSSQGXQVTVSSLPE,NAT,-0.22759698429854325,0.2584369480609894,28.15649741655193, N[C@H](C(=O)[O-])C(c1ccccc1)c1ccccc1
11,0,EVQLVESGGGLVQPGGSLRLSCAASGFTFRSFGMSWVRQAPGKEPEWVSSISGSGSDTLYADSVKGRFTISRDNAKTTLYLQMNSLKPEDTAVYYCTIGGSLSRSSQGTQVTVSSLPE,EVQLVESGGGXVQPGGSLRLSCAASGFTFRSFGMSWVRQAPGKEPEWVSSISGSGSDTLYADSVKGRFTISRDNAKTTLYLQMNSLKPEDTAVYYCTIGGSLSRSSQGTQVTVSSLPE,NAT,-0.24427276749793236,0.25727733969688416,16.96763006402648, N[C@H](C(=O)[O-])C(c1ccccc1)c1ccccc1
110,0,EVQLVESGGGLVQPGGSLRLSCAASGFTFRSFGMSWVRQAPGKEPEWVSSISGSGSDTLYADSVKGRFTISRDNAKTTLYLQMNSLKPEDTAVYYCTIGGSLSRSSQGTQVTVSSLPE,EVQLVESGGGLVQPGGSLRLSCAASGFTFRSFGMSWVRQAPGKEPEWVSSISGSGSDTLYADSVKGRFTISRDNAKTTLYLQMNSLKPEDTAVYYCTIGGSLSRSSQGTXVTVSSLPE,NAT,0.2884298625303927,0.16124401986598969,15.608452846757245, N[C@H](C(=O)[O-])C(c1ccccc1)c1ccccc1
111,0,EVQLVESGGGLVQPGGSLRLSCAASGFTFRSFGMSWVRQAPGKEPEWVSSISGSGSDTLYADSVKGRFTISRDNAKTTLYLQMNSLKPEDTAVYYCTIGGSLSRSSQGTQVTVSSLPE,EVQLVESGGGLVQPGGSLRLSCAASGFTFRSFGMSWVRQAPGKEPEWVSSISGSGSDTLYADSVKGRFTISRDNAKTTLYLQMNSLKPEDTAVYYCTIGGSLSRSSQGTQXTVSSLPE,NAT,0.010057013925688807,0.2748472988605499,75.92902947188281, N[C@H](C(=O)[O-])C(c1ccccc1)c1ccccc1
112,0,EVQLVESGGGLVQPGGSLRLSCAASGFTFRSFGMSWVRQAPGKEPEWVSSISGSGSDTLYADSVKGRFTISRDNAKTTLYLQMNSLKPEDTAVYYCTIGGSLSRSSQGTQVTVSSLPE,EVQLVESGGGLVQPGGSLRLSCAASGFTFRSFGMSWVRQAPGKEPEWVSSISGSGSDTLYADSVKGRFTISRDNAKTTLYLQMNSLKPEDTAVYYCTIGGSLSRSSQGTQVXVSSLPE,NAT,-0.27407228599076916,0.2604837715625763,15.486075280235582, N[C@H](C(=O)[O-])C(c1ccccc1)c1ccccc1
113,0,EVQLVESGGGLVQPGGSLRLSCAASGFTFRSFGMSWVRQAPGKEPEWVSSISGSGSDTLYADSVKGRFTISRDNAKTTLYLQMNSLKPEDTAVYYCTIGGSLSRSSQGTQVTVSSLPE,EVQLVESGGGLVQPGGSLRLSCAASGFTFRSFGMSWVRQAPGKEPEWVSSISGSGSDTLYADSVKGRFTISRDNAKTTLYLQMNSLKPEDTAVYYCTIGGSLSRSSQGTQVTXSSLPE,NAT,-0.09256873204276417,0.3309461772441864,111.1568330933651, N[C@H](C(=O)[O-])C(c1ccccc1)c1ccccc1
114,0,EVQLVESGGGLVQPGGSLRLSCAASGFTFRSFGMSWVRQAPGKEPEWVSSISGSGSDTLYADSVKGRFTISRDNAKTTLYLQMNSLKPEDTAVYYCTIGGSLSRSSQGTQVTVSSLPE,EVQLVESGGGLVQPGGSLRLSCAASGFTFRSFGMSWVRQAPGKEPEWVSSISGSGSDTLYADSVKGRFTISRDNAKTTLYLQMNSLKPEDTAVYYCTIGGSLSRSSQGTQVTVXSLPE,NAT,0.1996502636952755,0.1555374711751938,13.920719470221457, N[C@H](C(=O)[O-])C(c1ccccc1)c1ccccc1
115,0,EVQLVESGGGLVQPGGSLRLSCAASGFTFRSFGMSWVRQAPGKEPEWVSSISGSGSDTLYADSVKGRFTISRDNAKTTLYLQMNSLKPEDTAVYYCTIGGSLSRSSQGTQVTVSSLPE,EVQLVESGGGLVQPGGSLRLSCAASGFTFRSFGMSWVRQAPGKEPEWVSSISGSGSDTLYADSVKGRFTISRDNAKTTLYLQMNSLKPEDTAVYYCTIGGSLSRSSQGTQVTVSXLPE,NAT,-0.251222997795594,0.2577597498893738,17.07013218834072, N[C@H](C(=O)[O-])C(c1ccccc1)c1ccccc1
116,0,EVQLVESGGGLVQPGGSLRLSCAASGFTFRSFGMSWVRQAPGKEPEWVSSISGSGSDTLYADSVKGRFTISRDNAKTTLYLQMNSLKPEDTAVYYCTIGGSLSRSSQGTQVTVSSLPE,EVQLVESGGGLVQPGGSLRLSCAASGFTFRSFGMSWVRQAPGKEPEWVSSISGSGSDTLYADSVKGRFTISRDNAKTTLYLQMNSLKPEDTAVYYCTIGGSLSRSSQGTQVTVSSXPE,NAT,-0.25373433396725886,0.25995710492134094,13.562744411681024, N[C@H](C(=O)[O-])C(c1ccccc1)c1ccccc1
117,0,EVQLVESGGGLVQPGGSLRLSCAASGFTFRSFGMSWVRQAPGKEPEWVSSISGSGSDTLYADSVKGRFTISRDNAKTTLYLQMNSLKPEDTAVYYCTIGGSLSRSSQGTQVTVSSLPE,EVQLVESGGGLVQPGGSLRLSCAASGFTFRSFGMSWVRQAPGKEPEWVSSISGSGSDTLYADSVKGRFTISRDNAKTTLYLQMNSLKPEDTAVYYCTIGGSLSRSSQGTQVTVSSLXE,NAT,-0.31266613444768154,0.2654646337032318,17.67651807291668, N[C@H](C(=O)[O-])C(c1ccccc1)c1ccccc1
118,0,EVQLVESGGGLVQPGGSLRLSCAASGFTFRSFGMSWVRQAPGKEPEWVSSISGSGSDTLYADSVKGRFTISRDNAKTTLYLQMNSLKPEDTAVYYCTIGGSLSRSSQGTQVTVSSLPE,EVQLVESGGGLVQPGGSLRLSCAASGFTFRSFGMSWVRQAPGKEPEWVSSISGSGSDTLYADSVKGRFTISRDNAKTTLYLQMNSLKPEDTAVYYCTIGGSLSRSSQGTQVTVSSLPX,NAT,-0.25071160304105433,0.2556866705417633,17.662631720648506, N[C@H](C(=O)[O-])C(c1ccccc1)c1ccccc1
119,0,EVQLVESGGGLVQPGGSLRLSCAASGFTFRSFGMSWVRQAPGKEPEWVSSISGSGSDTLYADSVKGRFTISRDNAKTTLYLQMNSLKPEDTAVYYCTIGGSLSRSSQGTQVTVSSLPE,EVQLVESGGGLVQPGGSLRLSCAASGFTFRSFGMSWVRQAPGKEPEWVSSISGSGSDTLYADSVKGRFTISRDNAKTTLYLQMNSLKPEDTAVYYCTIGGSLSRSSQGTQVTVSSLPE,NAT,-0.002742890130775777,0.2532825469970703,12.742840127939644, N[C@H](C(=O)[O-])C(c1ccccc1)c1ccccc1
12,0,EVQLVESGGGLVQPGGSLRLSCAASGFTFRSFGMSWVRQAPGKEPEWVSSISGSGSDTLYADSVKGRFTISRDNAKTTLYLQMNSLKPEDTAVYYCTIGGSLSRSSQGTQVTVSSLPE,EVQLVESGGGLXQPGGSLRLSCAASGFTFRSFGMSWVRQAPGKEPEWVSSISGSGSDTLYADSVKGRFTISRDNAKTTLYLQMNSLKPEDTAVYYCTIGGSLSRSSQGTQVTVSSLPE,NAT,0.37495802790044763,0.13957923650741577,16.54794788031836, N[C@H](C(=O)[O-])C(c1ccccc1)c1ccccc1
13,0,EVQLVESGGGLVQPGGSLRLSCAASGFTFRSFGMSWVRQAPGKEPEWVSSISGSGSDTLYADSVKGRFTISRDNAKTTLYLQMNSLKPEDTAVYYCTIGGSLSRSSQGTQVTVSSLPE,EVQLVESGGGLVXPGGSLRLSCAASGFTFRSFGMSWVRQAPGKEPEWVSSISGSGSDTLYADSVKGRFTISRDNAKTTLYLQMNSLKPEDTAVYYCTIGGSLSRSSQGTQVTVSSLPE,NAT,-0.27799184818331923,0.2592151165008545,16.280372869021676, N[C@H](C(=O)[O-])C(c1ccccc1)c1ccccc1
14,0,EVQLVESGGGLVQPGGSLRLSCAASGFTFRSFGMSWVRQAPGKEPEWVSSISGSGSDTLYADSVKGRFTISRDNAKTTLYLQMNSLKPEDTAVYYCTIGGSLSRSSQGTQVTVSSLPE,EVQLVESGGGLVQXGGSLRLSCAASGFTFRSFGMSWVRQAPGKEPEWVSSISGSGSDTLYADSVKGRFTISRDNAKTTLYLQMNSLKPEDTAVYYCTIGGSLSRSSQGTQVTVSSLPE,NAT,-0.2502793566427499,0.2575985789299011,18.285685275361857, N[C@H](C(=O)[O-])C(c1ccccc1)c1ccccc1
15,0,EVQLVESGGGLVQPGGSLRLSCAASGFTFRSFGMSWVRQAPGKEPEWVSSISGSGSDTLYADSVKGRFTISRDNAKTTLYLQMNSLKPEDTAVYYCTIGGSLSRSSQGTQVTVSSLPE,EVQLVESGGGLVQPXGSLRLSCAASGFTFRSFGMSWVRQAPGKEPEWVSSISGSGSDTLYADSVKGRFTISRDNAKTTLYLQMNSLKPEDTAVYYCTIGGSLSRSSQGTQVTVSSLPE,NAT,0.5798946006270853,0.1518353670835495,15.876864230049932, N[C@H](C(=O)[O-])C(c1ccccc1)c1ccccc1
16,0,EVQLVESGGGLVQPGGSLRLSCAASGFTFRSFGMSWVRQAPGKEPEWVSSISGSGSDTLYADSVKGRFTISRDNAKTTLYLQMNSLKPEDTAVYYCTIGGSLSRSSQGTQVTVSSLPE,EVQLVESGGGLVQPGXSLRLSCAASGFTFRSFGMSWVRQAPGKEPEWVSSISGSGSDTLYADSVKGRFTISRDNAKTTLYLQMNSLKPEDTAVYYCTIGGSLSRSSQGTQVTVSSLPE,NAT,0.009094532827020885,0.252392053604126,13.003973328985921, N[C@H](C(=O)[O-])C(c1ccccc1)c1ccccc1
17,0,EVQLVESGGGLVQPGGSLRLSCAASGFTFRSFGMSWVRQAPGKEPEWVSSISGSGSDTLYADSVKGRFTISRDNAKTTLYLQMNSLKPEDTAVYYCTIGGSLSRSSQGTQVTVSSLPE,EVQLVESGGGLVQPGGXLRLSCAASGFTFRSFGMSWVRQAPGKEPEWVSSISGSGSDTLYADSVKGRFTISRDNAKTTLYLQMNSLKPEDTAVYYCTIGGSLSRSSQGTQVTVSSLPE,NAT,0.37602939270436764,0.12792755663394928,15.732955149535655, N[C@H](C(=O)[O-])C(c1ccccc1)c1ccccc1
18,0,EVQLVESGGGLVQPGGSLRLSCAASGFTFRSFGMSWVRQAPGKEPEWVSSISGSGSDTLYADSVKGRFTISRDNAKTTLYLQMNSLKPEDTAVYYCTIGGSLSRSSQGTQVTVSSLPE,EVQLVESGGGLVQPGGSXRLSCAASGFTFRSFGMSWVRQAPGKEPEWVSSISGSGSDTLYADSVKGRFTISRDNAKTTLYLQMNSLKPEDTAVYYCTIGGSLSRSSQGTQVTVSSLPE,NAT,-0.00432126492023599,0.25587499141693115,20.40966232519554, N[C@H](C(=O)[O-])C(c1ccccc1)c1ccccc1
19,0,EVQLVESGGGLVQPGGSLRLSCAASGFTFRSFGMSWVRQAPGKEPEWVSSISGSGSDTLYADSVKGRFTISRDNAKTTLYLQMNSLKPEDTAVYYCTIGGSLSRSSQGTQVTVSSLPE,EVQLVESGGGLVQPGGSLXLSCAASGFTFRSFGMSWVRQAPGKEPEWVSSISGSGSDTLYADSVKGRFTISRDNAKTTLYLQMNSLKPEDTAVYYCTIGGSLSRSSQGTQVTVSSLPE,NAT,0.5628363196465216,0.1543072760105133,13.449125150803638, N[C@H](C(=O)[O-])C(c1ccccc1)c1ccccc1
2,0,EVQLVESGGGLVQPGGSLRLSCAASGFTFRSFGMSWVRQAPGKEPEWVSSISGSGSDTLYADSVKGRFTISRDNAKTTLYLQMNSLKPEDTAVYYCTIGGSLSRSSQGTQVTVSSLPE,EXQLVESGGGLVQPGGSLRLSCAASGFTFRSFGMSWVRQAPGKEPEWVSSISGSGSDTLYADSVKGRFTISRDNAKTTLYLQMNSLKPEDTAVYYCTIGGSLSRSSQGTQVTVSSLPE,NAT,0.06853146090134032,0.25900721549987793,13.943118641735964, N[C@H](C(=O)[O-])C(c1ccccc1)c1ccccc1
20,0,EVQLVESGGGLVQPGGSLRLSCAASGFTFRSFGMSWVRQAPGKEPEWVSSISGSGSDTLYADSVKGRFTISRDNAKTTLYLQMNSLKPEDTAVYYCTIGGSLSRSSQGTQVTVSSLPE,EVQLVESGGGLVQPGGSLRXSCAASGFTFRSFGMSWVRQAPGKEPEWVSSISGSGSDTLYADSVKGRFTISRDNAKTTLYLQMNSLKPEDTAVYYCTIGGSLSRSSQGTQVTVSSLPE,NAT,0.37726956005872125,0.15487505495548248,57.29329292884654, N[C@H](C(=O)[O-])C(c1ccccc1)c1ccccc1
21,0,EVQLVESGGGLVQPGGSLRLSCAASGFTFRSFGMSWVRQAPGKEPEWVSSISGSGSDTLYADSVKGRFTISRDNAKTTLYLQMNSLKPEDTAVYYCTIGGSLSRSSQGTQVTVSSLPE,EVQLVESGGGLVQPGGSLRLXCAASGFTFRSFGMSWVRQAPGKEPEWVSSISGSGSDTLYADSVKGRFTISRDNAKTTLYLQMNSLKPEDTAVYYCTIGGSLSRSSQGTQVTVSSLPE,NAT,0.021295168255164754,0.25055697560310364,13.140546648356349, N[C@H](C(=O)[O-])C(c1ccccc1)c1ccccc1
23,0,EVQLVESGGGLVQPGGSLRLSCAASGFTFRSFGMSWVRQAPGKEPEWVSSISGSGSDTLYADSVKGRFTISRDNAKTTLYLQMNSLKPEDTAVYYCTIGGSLSRSSQGTQVTVSSLPE,EVQLVESGGGLVQPGGSLRLSCXASGFTFRSFGMSWVRQAPGKEPEWVSSISGSGSDTLYADSVKGRFTISRDNAKTTLYLQMNSLKPEDTAVYYCTIGGSLSRSSQGTQVTVSSLPE,NAT,0.2120881477153489,0.14630937576293945,10.447965607128936, N[C@H](C(=O)[O-])C(c1ccccc1)c1ccccc1
24,0,EVQLVESGGGLVQPGGSLRLSCAASGFTFRSFGMSWVRQAPGKEPEWVSSISGSGSDTLYADSVKGRFTISRDNAKTTLYLQMNSLKPEDTAVYYCTIGGSLSRSSQGTQVTVSSLPE,EVQLVESGGGLVQPGGSLRLSCAXSGFTFRSFGMSWVRQAPGKEPEWVSSISGSGSDTLYADSVKGRFTISRDNAKTTLYLQMNSLKPEDTAVYYCTIGGSLSRSSQGTQVTVSSLPE,NAT,0.23226872276791255,0.3549823462963104,108.77302981355933, N[C@H](C(=O)[O-])C(c1ccccc1)c1ccccc1
25,0,EVQLVESGGGLVQPGGSLRLSCAASGFTFRSFGMSWVRQAPGKEPEWVSSISGSGSDTLYADSVKGRFTISRDNAKTTLYLQMNSLKPEDTAVYYCTIGGSLSRSSQGTQVTVSSLPE,EVQLVESGGGLVQPGGSLRLSCAAXGFTFRSFGMSWVRQAPGKEPEWVSSISGSGSDTLYADSVKGRFTISRDNAKTTLYLQMNSLKPEDTAVYYCTIGGSLSRSSQGTQVTVSSLPE,NAT,-0.296653521096232,0.2634428143501282,15.01311076694742, N[C@H](C(=O)[O-])C(c1ccccc1)c1ccccc1
26,0,EVQLVESGGGLVQPGGSLRLSCAASGFTFRSFGMSWVRQAPGKEPEWVSSISGSGSDTLYADSVKGRFTISRDNAKTTLYLQMNSLKPEDTAVYYCTIGGSLSRSSQGTQVTVSSLPE,EVQLVESGGGLVQPGGSLRLSCAASXFTFRSFGMSWVRQAPGKEPEWVSSISGSGSDTLYADSVKGRFTISRDNAKTTLYLQMNSLKPEDTAVYYCTIGGSLSRSSQGTQVTVSSLPE,NAT,-0.17992969554597948,0.21675491333007812,21.362367428599327, N[C@H](C(=O)[O-])C(c1ccccc1)c1ccccc1
27,0,EVQLVESGGGLVQPGGSLRLSCAASGFTFRSFGMSWVRQAPGKEPEWVSSISGSGSDTLYADSVKGRFTISRDNAKTTLYLQMNSLKPEDTAVYYCTIGGSLSRSSQGTQVTVSSLPE,EVQLVESGGGLVQPGGSLRLSCAASGXTFRSFGMSWVRQAPGKEPEWVSSISGSGSDTLYADSVKGRFTISRDNAKTTLYLQMNSLKPEDTAVYYCTIGGSLSRSSQGTQVTVSSLPE,NAT,0.11261850448318,0.17072679102420807,16.81211613626283, N[C@H](C(=O)[O-])C(c1ccccc1)c1ccccc1
28,0,EVQLVESGGGLVQPGGSLRLSCAASGFTFRSFGMSWVRQAPGKEPEWVSSISGSGSDTLYADSVKGRFTISRDNAKTTLYLQMNSLKPEDTAVYYCTIGGSLSRSSQGTQVTVSSLPE,EVQLVESGGGLVQPGGSLRLSCAASGFXFRSFGMSWVRQAPGKEPEWVSSISGSGSDTLYADSVKGRFTISRDNAKTTLYLQMNSLKPEDTAVYYCTIGGSLSRSSQGTQVTVSSLPE,NAT,0.668177204967833,0.15237684547901154,13.305558600731274, N[C@H](C(=O)[O-])C(c1ccccc1)c1ccccc1
29,0,EVQLVESGGGLVQPGGSLRLSCAASGFTFRSFGMSWVRQAPGKEPEWVSSISGSGSDTLYADSVKGRFTISRDNAKTTLYLQMNSLKPEDTAVYYCTIGGSLSRSSQGTQVTVSSLPE,EVQLVESGGGLVQPGGSLRLSCAASGFTXRSFGMSWVRQAPGKEPEWVSSISGSGSDTLYADSVKGRFTISRDNAKTTLYLQMNSLKPEDTAVYYCTIGGSLSRSSQGTQVTVSSLPE,NAT,-0.09675464573501813,0.26581916213035583,27.610576818967047, N[C@H](C(=O)[O-])C(c1ccccc1)c1ccccc1
3,0,EVQLVESGGGLVQPGGSLRLSCAASGFTFRSFGMSWVRQAPGKEPEWVSSISGSGSDTLYADSVKGRFTISRDNAKTTLYLQMNSLKPEDTAVYYCTIGGSLSRSSQGTQVTVSSLPE,EVXLVESGGGLVQPGGSLRLSCAASGFTFRSFGMSWVRQAPGKEPEWVSSISGSGSDTLYADSVKGRFTISRDNAKTTLYLQMNSLKPEDTAVYYCTIGGSLSRSSQGTQVTVSSLPE,NAT,-0.33833062768053423,0.25476041436195374,13.747384253081464, N[C@H](C(=O)[O-])C(c1ccccc1)c1ccccc1
30,0,EVQLVESGGGLVQPGGSLRLSCAASGFTFRSFGMSWVRQAPGKEPEWVSSISGSGSDTLYADSVKGRFTISRDNAKTTLYLQMNSLKPEDTAVYYCTIGGSLSRSSQGTQVTVSSLPE,EVQLVESGGGLVQPGGSLRLSCAASGFTFXSFGMSWVRQAPGKEPEWVSSISGSGSDTLYADSVKGRFTISRDNAKTTLYLQMNSLKPEDTAVYYCTIGGSLSRSSQGTQVTVSSLPE,NAT,-0.0166792227919359,0.25099441409111023,12.450481904651724, N[C@H](C(=O)[O-])C(c1ccccc1)c1ccccc1
31,0,EVQLVESGGGLVQPGGSLRLSCAASGFTFRSFGMSWVRQAPGKEPEWVSSISGSGSDTLYADSVKGRFTISRDNAKTTLYLQMNSLKPEDTAVYYCTIGGSLSRSSQGTQVTVSSLPE,EVQLVESGGGLVQPGGSLRLSCAASGFTFRXFGMSWVRQAPGKEPEWVSSISGSGSDTLYADSVKGRFTISRDNAKTTLYLQMNSLKPEDTAVYYCTIGGSLSRSSQGTQVTVSSLPE,NAT,0.030988432326012116,0.24183937907218933,10.787009722833545, N[C@H](C(=O)[O-])C(c1ccccc1)c1ccccc1
32,0,EVQLVESGGGLVQPGGSLRLSCAASGFTFRSFGMSWVRQAPGKEPEWVSSISGSGSDTLYADSVKGRFTISRDNAKTTLYLQMNSLKPEDTAVYYCTIGGSLSRSSQGTQVTVSSLPE,EVQLVESGGGLVQPGGSLRLSCAASGFTFRSXGMSWVRQAPGKEPEWVSSISGSGSDTLYADSVKGRFTISRDNAKTTLYLQMNSLKPEDTAVYYCTIGGSLSRSSQGTQVTVSSLPE,NAT,0.5891568343217841,0.1479475498199463,9.314832020530275, N[C@H](C(=O)[O-])C(c1ccccc1)c1ccccc1
33,0,EVQLVESGGGLVQPGGSLRLSCAASGFTFRSFGMSWVRQAPGKEPEWVSSISGSGSDTLYADSVKGRFTISRDNAKTTLYLQMNSLKPEDTAVYYCTIGGSLSRSSQGTQVTVSSLPE,EVQLVESGGGLVQPGGSLRLSCAASGFTFRSFXMSWVRQAPGKEPEWVSSISGSGSDTLYADSVKGRFTISRDNAKTTLYLQMNSLKPEDTAVYYCTIGGSLSRSSQGTQVTVSSLPE,NAT,0.07608558666379395,0.1775067299604416,8.08006209976088, N[C@H](C(=O)[O-])C(c1ccccc1)c1ccccc1
34,0,EVQLVESGGGLVQPGGSLRLSCAASGFTFRSFGMSWVRQAPGKEPEWVSSISGSGSDTLYADSVKGRFTISRDNAKTTLYLQMNSLKPEDTAVYYCTIGGSLSRSSQGTQVTVSSLPE,EVQLVESGGGLVQPGGSLRLSCAASGFTFRSFGXSWVRQAPGKEPEWVSSISGSGSDTLYADSVKGRFTISRDNAKTTLYLQMNSLKPEDTAVYYCTIGGSLSRSSQGTQVTVSSLPE,NAT,0.5394362711053873,0.15124785900115967,43.71383913247428, N[C@H](C(=O)[O-])C(c1ccccc1)c1ccccc1
35,0,EVQLVESGGGLVQPGGSLRLSCAASGFTFRSFGMSWVRQAPGKEPEWVSSISGSGSDTLYADSVKGRFTISRDNAKTTLYLQMNSLKPEDTAVYYCTIGGSLSRSSQGTQVTVSSLPE,EVQLVESGGGLVQPGGSLRLSCAASGFTFRSFGMXWVRQAPGKEPEWVSSISGSGSDTLYADSVKGRFTISRDNAKTTLYLQMNSLKPEDTAVYYCTIGGSLSRSSQGTQVTVSSLPE,NAT,-1.118239066676324,0.18957524001598358,11.417413745601834, N[C@H](C(=O)[O-])C(c1ccccc1)c1ccccc1
36,0,EVQLVESGGGLVQPGGSLRLSCAASGFTFRSFGMSWVRQAPGKEPEWVSSISGSGSDTLYADSVKGRFTISRDNAKTTLYLQMNSLKPEDTAVYYCTIGGSLSRSSQGTQVTVSSLPE,EVQLVESGGGLVQPGGSLRLSCAASGFTFRSFGMSXVRQAPGKEPEWVSSISGSGSDTLYADSVKGRFTISRDNAKTTLYLQMNSLKPEDTAVYYCTIGGSLSRSSQGTQVTVSSLPE,NAT,0.2530946207325542,0.2232300490140915,27.099211050975782, N[C@H](C(=O)[O-])C(c1ccccc1)c1ccccc1
37,0,EVQLVESGGGLVQPGGSLRLSCAASGFTFRSFGMSWVRQAPGKEPEWVSSISGSGSDTLYADSVKGRFTISRDNAKTTLYLQMNSLKPEDTAVYYCTIGGSLSRSSQGTQVTVSSLPE,EVQLVESGGGLVQPGGSLRLSCAASGFTFRSFGMSWXRQAPGKEPEWVSSISGSGSDTLYADSVKGRFTISRDNAKTTLYLQMNSLKPEDTAVYYCTIGGSLSRSSQGTQVTVSSLPE,NAT,0.3625811208712548,0.12536805868148804,14.69664776834361, N[C@H](C(=O)[O-])C(c1ccccc1)c1ccccc1
38,0,EVQLVESGGGLVQPGGSLRLSCAASGFTFRSFGMSWVRQAPGKEPEWVSSISGSGSDTLYADSVKGRFTISRDNAKTTLYLQMNSLKPEDTAVYYCTIGGSLSRSSQGTQVTVSSLPE,EVQLVESGGGLVQPGGSLRLSCAASGFTFRSFGMSWVXQAPGKEPEWVSSISGSGSDTLYADSVKGRFTISRDNAKTTLYLQMNSLKPEDTAVYYCTIGGSLSRSSQGTQVTVSSLPE,NAT,0.15767772104209143,0.12783555686473846,22.249482160936395, N[C@H](C(=O)[O-])C(c1ccccc1)c1ccccc1
39,0,EVQLVESGGGLVQPGGSLRLSCAASGFTFRSFGMSWVRQAPGKEPEWVSSISGSGSDTLYADSVKGRFTISRDNAKTTLYLQMNSLKPEDTAVYYCTIGGSLSRSSQGTQVTVSSLPE,EVQLVESGGGLVQPGGSLRLSCAASGFTFRSFGMSWVRXAPGKEPEWVSSISGSGSDTLYADSVKGRFTISRDNAKTTLYLQMNSLKPEDTAVYYCTIGGSLSRSSQGTQVTVSSLPE,NAT,0.25739252562652837,0.157899409532547,16.270088015462306, N[C@H](C(=O)[O-])C(c1ccccc1)c1ccccc1
4,0,EVQLVESGGGLVQPGGSLRLSCAASGFTFRSFGMSWVRQAPGKEPEWVSSISGSGSDTLYADSVKGRFTISRDNAKTTLYLQMNSLKPEDTAVYYCTIGGSLSRSSQGTQVTVSSLPE,EVQXVESGGGLVQPGGSLRLSCAASGFTFRSFGMSWVRQAPGKEPEWVSSISGSGSDTLYADSVKGRFTISRDNAKTTLYLQMNSLKPEDTAVYYCTIGGSLSRSSQGTQVTVSSLPE,NAT,0.033644749838458665,0.2457151710987091,24.50497475902239, N[C@H](C(=O)[O-])C(c1ccccc1)c1ccccc1
40,0,EVQLVESGGGLVQPGGSLRLSCAASGFTFRSFGMSWVRQAPGKEPEWVSSISGSGSDTLYADSVKGRFTISRDNAKTTLYLQMNSLKPEDTAVYYCTIGGSLSRSSQGTQVTVSSLPE,EVQLVESGGGLVQPGGSLRLSCAASGFTFRSFGMSWVRQXPGKEPEWVSSISGSGSDTLYADSVKGRFTISRDNAKTTLYLQMNSLKPEDTAVYYCTIGGSLSRSSQGTQVTVSSLPE,NAT,-0.9601628832151619,0.204147607088089,20.543747442257427, N[C@H](C(=O)[O-])C(c1ccccc1)c1ccccc1
41,0,EVQLVESGGGLVQPGGSLRLSCAASGFTFRSFGMSWVRQAPGKEPEWVSSISGSGSDTLYADSVKGRFTISRDNAKTTLYLQMNSLKPEDTAVYYCTIGGSLSRSSQGTQVTVSSLPE,EVQLVESGGGLVQPGGSLRLSCAASGFTFRSFGMSWVRQAXGKEPEWVSSISGSGSDTLYADSVKGRFTISRDNAKTTLYLQMNSLKPEDTAVYYCTIGGSLSRSSQGTQVTVSSLPE,NAT,0.02373260151807699,0.24971605837345123,18.067237078537346, N[C@H](C(=O)[O-])C(c1ccccc1)c1ccccc1
42,0,EVQLVESGGGLVQPGGSLRLSCAASGFTFRSFGMSWVRQAPGKEPEWVSSISGSGSDTLYADSVKGRFTISRDNAKTTLYLQMNSLKPEDTAVYYCTIGGSLSRSSQGTQVTVSSLPE,EVQLVESGGGLVQPGGSLRLSCAASGFTFRSFGMSWVRQAPXKEPEWVSSISGSGSDTLYADSVKGRFTISRDNAKTTLYLQMNSLKPEDTAVYYCTIGGSLSRSSQGTQVTVSSLPE,NAT,0.23769047948098887,0.1468702107667923,22.937844814361142, N[C@H](C(=O)[O-])C(c1ccccc1)c1ccccc1
43,0,EVQLVESGGGLVQPGGSLRLSCAASGFTFRSFGMSWVRQAPGKEPEWVSSISGSGSDTLYADSVKGRFTISRDNAKTTLYLQMNSLKPEDTAVYYCTIGGSLSRSSQGTQVTVSSLPE,EVQLVESGGGLVQPGGSLRLSCAASGFTFRSFGMSWVRQAPGXEPEWVSSISGSGSDTLYADSVKGRFTISRDNAKTTLYLQMNSLKPEDTAVYYCTIGGSLSRSSQGTQVTVSSLPE,NAT,0.34674735842781956,0.13463807106018066,13.734604985103942, N[C@H](C(=O)[O-])C(c1ccccc1)c1ccccc1
44,0,EVQLVESGGGLVQPGGSLRLSCAASGFTFRSFGMSWVRQAPGKEPEWVSSISGSGSDTLYADSVKGRFTISRDNAKTTLYLQMNSLKPEDTAVYYCTIGGSLSRSSQGTQVTVSSLPE,EVQLVESGGGLVQPGGSLRLSCAASGFTFRSFGMSWVRQAPGKXPEWVSSISGSGSDTLYADSVKGRFTISRDNAKTTLYLQMNSLKPEDTAVYYCTIGGSLSRSSQGTQVTVSSLPE,NAT,0.1592667422219165,0.1504657119512558,15.224161754790657, N[C@H](C(=O)[O-])C(c1ccccc1)c1ccccc1
45,0,EVQLVESGGGLVQPGGSLRLSCAASGFTFRSFGMSWVRQAPGKEPEWVSSISGSGSDTLYADSVKGRFTISRDNAKTTLYLQMNSLKPEDTAVYYCTIGGSLSRSSQGTQVTVSSLPE,EVQLVESGGGLVQPGGSLRLSCAASGFTFRSFGMSWVRQAPGKEXEWVSSISGSGSDTLYADSVKGRFTISRDNAKTTLYLQMNSLKPEDTAVYYCTIGGSLSRSSQGTQVTVSSLPE,NAT,0.13302124061783616,0.15651722252368927,15.638652176507549, N[C@H](C(=O)[O-])C(c1ccccc1)c1ccccc1
46,0,EVQLVESGGGLVQPGGSLRLSCAASGFTFRSFGMSWVRQAPGKEPEWVSSISGSGSDTLYADSVKGRFTISRDNAKTTLYLQMNSLKPEDTAVYYCTIGGSLSRSSQGTQVTVSSLPE,EVQLVESGGGLVQPGGSLRLSCAASGFTFRSFGMSWVRQAPGKEPXWVSSISGSGSDTLYADSVKGRFTISRDNAKTTLYLQMNSLKPEDTAVYYCTIGGSLSRSSQGTQVTVSSLPE,NAT,-0.0005059463678662723,0.16086193919181824,12.145933590944878, N[C@H](C(=O)[O-])C(c1ccccc1)c1ccccc1
47,0,EVQLVESGGGLVQPGGSLRLSCAASGFTFRSFGMSWVRQAPGKEPEWVSSISGSGSDTLYADSVKGRFTISRDNAKTTLYLQMNSLKPEDTAVYYCTIGGSLSRSSQGTQVTVSSLPE,EVQLVESGGGLVQPGGSLRLSCAASGFTFRSFGMSWVRQAPGKEPEXVSSISGSGSDTLYADSVKGRFTISRDNAKTTLYLQMNSLKPEDTAVYYCTIGGSLSRSSQGTQVTVSSLPE,NAT,1.1173959531597575,0.21415254473686218,23.008542742449208, N[C@H](C(=O)[O-])C(c1ccccc1)c1ccccc1
48,0,EVQLVESGGGLVQPGGSLRLSCAASGFTFRSFGMSWVRQAPGKEPEWVSSISGSGSDTLYADSVKGRFTISRDNAKTTLYLQMNSLKPEDTAVYYCTIGGSLSRSSQGTQVTVSSLPE,EVQLVESGGGLVQPGGSLRLSCAASGFTFRSFGMSWVRQAPGKEPEWXSSISGSGSDTLYADSVKGRFTISRDNAKTTLYLQMNSLKPEDTAVYYCTIGGSLSRSSQGTQVTVSSLPE,NAT,-0.011507371999869065,0.15197107195854187,26.292323834979015, N[C@H](C(=O)[O-])C(c1ccccc1)c1ccccc1
49,0,EVQLVESGGGLVQPGGSLRLSCAASGFTFRSFGMSWVRQAPGKEPEWVSSISGSGSDTLYADSVKGRFTISRDNAKTTLYLQMNSLKPEDTAVYYCTIGGSLSRSSQGTQVTVSSLPE,EVQLVESGGGLVQPGGSLRLSCAASGFTFRSFGMSWVRQAPGKEPEWVXSISGSGSDTLYADSVKGRFTISRDNAKTTLYLQMNSLKPEDTAVYYCTIGGSLSRSSQGTQVTVSSLPE,NAT,-0.00012003650363112683,0.2526303231716156,99.7441815055663, N[C@H](C(=O)[O-])C(c1ccccc1)c1ccccc1
5,0,EVQLVESGGGLVQPGGSLRLSCAASGFTFRSFGMSWVRQAPGKEPEWVSSISGSGSDTLYADSVKGRFTISRDNAKTTLYLQMNSLKPEDTAVYYCTIGGSLSRSSQGTQVTVSSLPE,EVQLXESGGGLVQPGGSLRLSCAASGFTFRSFGMSWVRQAPGKEPEWVSSISGSGSDTLYADSVKGRFTISRDNAKTTLYLQMNSLKPEDTAVYYCTIGGSLSRSSQGTQVTVSSLPE,NAT,0.02742155886562614,0.25030776858329773,13.529241778328242, N[C@H](C(=O)[O-])C(c1ccccc1)c1ccccc1
50,0,EVQLVESGGGLVQPGGSLRLSCAASGFTFRSFGMSWVRQAPGKEPEWVSSISGSGSDTLYADSVKGRFTISRDNAKTTLYLQMNSLKPEDTAVYYCTIGGSLSRSSQGTQVTVSSLPE,EVQLVESGGGLVQPGGSLRLSCAASGFTFRSFGMSWVRQAPGKEPEWVSXISGSGSDTLYADSVKGRFTISRDNAKTTLYLQMNSLKPEDTAVYYCTIGGSLSRSSQGTQVTVSSLPE,NAT,-0.7835095830805585,0.19614064693450928,11.677693680995617, N[C@H](C(=O)[O-])C(c1ccccc1)c1ccccc1
51,0,EVQLVESGGGLVQPGGSLRLSCAASGFTFRSFGMSWVRQAPGKEPEWVSSISGSGSDTLYADSVKGRFTISRDNAKTTLYLQMNSLKPEDTAVYYCTIGGSLSRSSQGTQVTVSSLPE,EVQLVESGGGLVQPGGSLRLSCAASGFTFRSFGMSWVRQAPGKEPEWVSSXSGSGSDTLYADSVKGRFTISRDNAKTTLYLQMNSLKPEDTAVYYCTIGGSLSRSSQGTQVTVSSLPE,NAT,0.2908904698974766,0.1834099143743515,34.612683295453735, N[C@H](C(=O)[O-])C(c1ccccc1)c1ccccc1
52,0,EVQLVESGGGLVQPGGSLRLSCAASGFTFRSFGMSWVRQAPGKEPEWVSSISGSGSDTLYADSVKGRFTISRDNAKTTLYLQMNSLKPEDTAVYYCTIGGSLSRSSQGTQVTVSSLPE,EVQLVESGGGLVQPGGSLRLSCAASGFTFRSFGMSWVRQAPGKEPEWVSSIXGSGSDTLYADSVKGRFTISRDNAKTTLYLQMNSLKPEDTAVYYCTIGGSLSRSSQGTQVTVSSLPE,NAT,0.12284677067736993,0.25625231862068176,12.91912520460005, N[C@H](C(=O)[O-])C(c1ccccc1)c1ccccc1
53,0,EVQLVESGGGLVQPGGSLRLSCAASGFTFRSFGMSWVRQAPGKEPEWVSSISGSGSDTLYADSVKGRFTISRDNAKTTLYLQMNSLKPEDTAVYYCTIGGSLSRSSQGTQVTVSSLPE,EVQLVESGGGLVQPGGSLRLSCAASGFTFRSFGMSWVRQAPGKEPEWVSSISXSGSDTLYADSVKGRFTISRDNAKTTLYLQMNSLKPEDTAVYYCTIGGSLSRSSQGTQVTVSSLPE,NAT,-1.8557780495248153,0.4513746500015259,16.747337431931555, N[C@H](C(=O)[O-])C(c1ccccc1)c1ccccc1
54,0,EVQLVESGGGLVQPGGSLRLSCAASGFTFRSFGMSWVRQAPGKEPEWVSSISGSGSDTLYADSVKGRFTISRDNAKTTLYLQMNSLKPEDTAVYYCTIGGSLSRSSQGTQVTVSSLPE,EVQLVESGGGLVQPGGSLRLSCAASGFTFRSFGMSWVRQAPGKEPEWVSSISGXGSDTLYADSVKGRFTISRDNAKTTLYLQMNSLKPEDTAVYYCTIGGSLSRSSQGTQVTVSSLPE,NAT,0.10673486436826352,0.1353980153799057,16.333880639161407, N[C@H](C(=O)[O-])C(c1ccccc1)c1ccccc1
55,0,EVQLVESGGGLVQPGGSLRLSCAASGFTFRSFGMSWVRQAPGKEPEWVSSISGSGSDTLYADSVKGRFTISRDNAKTTLYLQMNSLKPEDTAVYYCTIGGSLSRSSQGTQVTVSSLPE,EVQLVESGGGLVQPGGSLRLSCAASGFTFRSFGMSWVRQAPGKEPEWVSSISGSXSDTLYADSVKGRFTISRDNAKTTLYLQMNSLKPEDTAVYYCTIGGSLSRSSQGTQVTVSSLPE,NAT,-0.350347965139008,0.28099560737609863,15.274492505663602, N[C@H](C(=O)[O-])C(c1ccccc1)c1ccccc1
56,0,EVQLVESGGGLVQPGGSLRLSCAASGFTFRSFGMSWVRQAPGKEPEWVSSISGSGSDTLYADSVKGRFTISRDNAKTTLYLQMNSLKPEDTAVYYCTIGGSLSRSSQGTQVTVSSLPE,EVQLVESGGGLVQPGGSLRLSCAASGFTFRSFGMSWVRQAPGKEPEWVSSISGSGXDTLYADSVKGRFTISRDNAKTTLYLQMNSLKPEDTAVYYCTIGGSLSRSSQGTQVTVSSLPE,NAT,-0.3493048418813487,0.07211056351661682,12.479631270314712, N[C@H](C(=O)[O-])C(c1ccccc1)c1ccccc1
57,0,EVQLVESGGGLVQPGGSLRLSCAASGFTFRSFGMSWVRQAPGKEPEWVSSISGSGSDTLYADSVKGRFTISRDNAKTTLYLQMNSLKPEDTAVYYCTIGGSLSRSSQGTQVTVSSLPE,EVQLVESGGGLVQPGGSLRLSCAASGFTFRSFGMSWVRQAPGKEPEWVSSISGSGSXTLYADSVKGRFTISRDNAKTTLYLQMNSLKPEDTAVYYCTIGGSLSRSSQGTQVTVSSLPE,NAT,-0.9659830985319786,0.13321056962013245,9.05124579856215, N[C@H](C(=O)[O-])C(c1ccccc1)c1ccccc1
58,0,EVQLVESGGGLVQPGGSLRLSCAASGFTFRSFGMSWVRQAPGKEPEWVSSISGSGSDTLYADSVKGRFTISRDNAKTTLYLQMNSLKPEDTAVYYCTIGGSLSRSSQGTQVTVSSLPE,EVQLVESGGGLVQPGGSLRLSCAASGFTFRSFGMSWVRQAPGKEPEWVSSISGSGSDXLYADSVKGRFTISRDNAKTTLYLQMNSLKPEDTAVYYCTIGGSLSRSSQGTQVTVSSLPE,NAT,-0.3534472358369385,0.3037286400794983,9.175451335410116, N[C@H](C(=O)[O-])C(c1ccccc1)c1ccccc1
59,0,EVQLVESGGGLVQPGGSLRLSCAASGFTFRSFGMSWVRQAPGKEPEWVSSISGSGSDTLYADSVKGRFTISRDNAKTTLYLQMNSLKPEDTAVYYCTIGGSLSRSSQGTQVTVSSLPE,EVQLVESGGGLVQPGGSLRLSCAASGFTFRSFGMSWVRQAPGKEPEWVSSISGSGSDTXYADSVKGRFTISRDNAKTTLYLQMNSLKPEDTAVYYCTIGGSLSRSSQGTQVTVSSLPE,NAT,-0.2851173678163832,0.24994780123233795,12.679533379561235, N[C@H](C(=O)[O-])C(c1ccccc1)c1ccccc1
6,0,EVQLVESGGGLVQPGGSLRLSCAASGFTFRSFGMSWVRQAPGKEPEWVSSISGSGSDTLYADSVKGRFTISRDNAKTTLYLQMNSLKPEDTAVYYCTIGGSLSRSSQGTQVTVSSLPE,EVQLVXSGGGLVQPGGSLRLSCAASGFTFRSFGMSWVRQAPGKEPEWVSSISGSGSDTLYADSVKGRFTISRDNAKTTLYLQMNSLKPEDTAVYYCTIGGSLSRSSQGTQVTVSSLPE,NAT,0.06159462998630261,0.26583707332611084,51.97719402432472, N[C@H](C(=O)[O-])C(c1ccccc1)c1ccccc1
60,0,EVQLVESGGGLVQPGGSLRLSCAASGFTFRSFGMSWVRQAPGKEPEWVSSISGSGSDTLYADSVKGRFTISRDNAKTTLYLQMNSLKPEDTAVYYCTIGGSLSRSSQGTQVTVSSLPE,EVQLVESGGGLVQPGGSLRLSCAASGFTFRSFGMSWVRQAPGKEPEWVSSISGSGSDTLXADSVKGRFTISRDNAKTTLYLQMNSLKPEDTAVYYCTIGGSLSRSSQGTQVTVSSLPE,NAT,-0.3406857472000411,0.2517716884613037,23.350385352007834, N[C@H](C(=O)[O-])C(c1ccccc1)c1ccccc1
61,0,EVQLVESGGGLVQPGGSLRLSCAASGFTFRSFGMSWVRQAPGKEPEWVSSISGSGSDTLYADSVKGRFTISRDNAKTTLYLQMNSLKPEDTAVYYCTIGGSLSRSSQGTQVTVSSLPE,EVQLVESGGGLVQPGGSLRLSCAASGFTFRSFGMSWVRQAPGKEPEWVSSISGSGSDTLYXDSVKGRFTISRDNAKTTLYLQMNSLKPEDTAVYYCTIGGSLSRSSQGTQVTVSSLPE,NAT,-1.616355012240092,0.2567060589790344,11.281493504591708, N[C@H](C(=O)[O-])C(c1ccccc1)c1ccccc1
62,0,EVQLVESGGGLVQPGGSLRLSCAASGFTFRSFGMSWVRQAPGKEPEWVSSISGSGSDTLYADSVKGRFTISRDNAKTTLYLQMNSLKPEDTAVYYCTIGGSLSRSSQGTQVTVSSLPE,EVQLVESGGGLVQPGGSLRLSCAASGFTFRSFGMSWVRQAPGKEPEWVSSISGSGSDTLYAXSVKGRFTISRDNAKTTLYLQMNSLKPEDTAVYYCTIGGSLSRSSQGTQVTVSSLPE,NAT,-2.577527236154765,0.29351139068603516,12.296972964347333, N[C@H](C(=O)[O-])C(c1ccccc1)c1ccccc1
63,0,EVQLVESGGGLVQPGGSLRLSCAASGFTFRSFGMSWVRQAPGKEPEWVSSISGSGSDTLYADSVKGRFTISRDNAKTTLYLQMNSLKPEDTAVYYCTIGGSLSRSSQGTQVTVSSLPE,EVQLVESGGGLVQPGGSLRLSCAASGFTFRSFGMSWVRQAPGKEPEWVSSISGSGSDTLYADXVKGRFTISRDNAKTTLYLQMNSLKPEDTAVYYCTIGGSLSRSSQGTQVTVSSLPE,NAT,-0.4827014004308694,0.07829537987709045,17.462893481721494, N[C@H](C(=O)[O-])C(c1ccccc1)c1ccccc1
64,0,EVQLVESGGGLVQPGGSLRLSCAASGFTFRSFGMSWVRQAPGKEPEWVSSISGSGSDTLYADSVKGRFTISRDNAKTTLYLQMNSLKPEDTAVYYCTIGGSLSRSSQGTQVTVSSLPE,EVQLVESGGGLVQPGGSLRLSCAASGFTFRSFGMSWVRQAPGKEPEWVSSISGSGSDTLYADSXKGRFTISRDNAKTTLYLQMNSLKPEDTAVYYCTIGGSLSRSSQGTQVTVSSLPE,NAT,0.5847971481139211,0.10098788887262344,32.553073710677836, N[C@H](C(=O)[O-])C(c1ccccc1)c1ccccc1
65,0,EVQLVESGGGLVQPGGSLRLSCAASGFTFRSFGMSWVRQAPGKEPEWVSSISGSGSDTLYADSVKGRFTISRDNAKTTLYLQMNSLKPEDTAVYYCTIGGSLSRSSQGTQVTVSSLPE,EVQLVESGGGLVQPGGSLRLSCAASGFTFRSFGMSWVRQAPGKEPEWVSSISGSGSDTLYADSVXGRFTISRDNAKTTLYLQMNSLKPEDTAVYYCTIGGSLSRSSQGTQVTVSSLPE,NAT,0.04102280961933502,0.05778151750564575,14.577446763584476, N[C@H](C(=O)[O-])C(c1ccccc1)c1ccccc1
66,0,EVQLVESGGGLVQPGGSLRLSCAASGFTFRSFGMSWVRQAPGKEPEWVSSISGSGSDTLYADSVKGRFTISRDNAKTTLYLQMNSLKPEDTAVYYCTIGGSLSRSSQGTQVTVSSLPE,EVQLVESGGGLVQPGGSLRLSCAASGFTFRSFGMSWVRQAPGKEPEWVSSISGSGSDTLYADSVKXRFTISRDNAKTTLYLQMNSLKPEDTAVYYCTIGGSLSRSSQGTQVTVSSLPE,NAT,0.05758880869507266,0.249107226729393,16.20767976528191, N[C@H](C(=O)[O-])C(c1ccccc1)c1ccccc1
67,0,EVQLVESGGGLVQPGGSLRLSCAASGFTFRSFGMSWVRQAPGKEPEWVSSISGSGSDTLYADSVKGRFTISRDNAKTTLYLQMNSLKPEDTAVYYCTIGGSLSRSSQGTQVTVSSLPE,EVQLVESGGGLVQPGGSLRLSCAASGFTFRSFGMSWVRQAPGKEPEWVSSISGSGSDTLYADSVKGXFTISRDNAKTTLYLQMNSLKPEDTAVYYCTIGGSLSRSSQGTQVTVSSLPE,NAT,0.04034483844316128,0.24583832919597626,16.45940924130332, N[C@H](C(=O)[O-])C(c1ccccc1)c1ccccc1
68,0,EVQLVESGGGLVQPGGSLRLSCAASGFTFRSFGMSWVRQAPGKEPEWVSSISGSGSDTLYADSVKGRFTISRDNAKTTLYLQMNSLKPEDTAVYYCTIGGSLSRSSQGTQVTVSSLPE,EVQLVESGGGLVQPGGSLRLSCAASGFTFRSFGMSWVRQAPGKEPEWVSSISGSGSDTLYADSVKGRXTISRDNAKTTLYLQMNSLKPEDTAVYYCTIGGSLSRSSQGTQVTVSSLPE,NAT,0.6348532350239111,0.20684537291526794,38.389888698631694, N[C@H](C(=O)[O-])C(c1ccccc1)c1ccccc1
69,0,EVQLVESGGGLVQPGGSLRLSCAASGFTFRSFGMSWVRQAPGKEPEWVSSISGSGSDTLYADSVKGRFTISRDNAKTTLYLQMNSLKPEDTAVYYCTIGGSLSRSSQGTQVTVSSLPE,EVQLVESGGGLVQPGGSLRLSCAASGFTFRSFGMSWVRQAPGKEPEWVSSISGSGSDTLYADSVKGRFXISRDNAKTTLYLQMNSLKPEDTAVYYCTIGGSLSRSSQGTQVTVSSLPE,NAT,0.006023017428560706,0.24951331317424774,11.8350101940498, N[C@H](C(=O)[O-])C(c1ccccc1)c1ccccc1
7,0,EVQLVESGGGLVQPGGSLRLSCAASGFTFRSFGMSWVRQAPGKEPEWVSSISGSGSDTLYADSVKGRFTISRDNAKTTLYLQMNSLKPEDTAVYYCTIGGSLSRSSQGTQVTVSSLPE,EVQLVEXGGGLVQPGGSLRLSCAASGFTFRSFGMSWVRQAPGKEPEWVSSISGSGSDTLYADSVKGRFTISRDNAKTTLYLQMNSLKPEDTAVYYCTIGGSLSRSSQGTQVTVSSLPE,NAT,-0.2600163956058168,0.2597094178199768,16.22984950776072, N[C@H](C(=O)[O-])C(c1ccccc1)c1ccccc1
70,0,EVQLVESGGGLVQPGGSLRLSCAASGFTFRSFGMSWVRQAPGKEPEWVSSISGSGSDTLYADSVKGRFTISRDNAKTTLYLQMNSLKPEDTAVYYCTIGGSLSRSSQGTQVTVSSLPE,EVQLVESGGGLVQPGGSLRLSCAASGFTFRSFGMSWVRQAPGKEPEWVSSISGSGSDTLYADSVKGRFTXSRDNAKTTLYLQMNSLKPEDTAVYYCTIGGSLSRSSQGTQVTVSSLPE,NAT,0.732766129817719,0.21480683982372284,51.97148646836854, N[C@H](C(=O)[O-])C(c1ccccc1)c1ccccc1
71,0,EVQLVESGGGLVQPGGSLRLSCAASGFTFRSFGMSWVRQAPGKEPEWVSSISGSGSDTLYADSVKGRFTISRDNAKTTLYLQMNSLKPEDTAVYYCTIGGSLSRSSQGTQVTVSSLPE,EVQLVESGGGLVQPGGSLRLSCAASGFTFRSFGMSWVRQAPGKEPEWVSSISGSGSDTLYADSVKGRFTIXRDNAKTTLYLQMNSLKPEDTAVYYCTIGGSLSRSSQGTQVTVSSLPE,NAT,0.025759243822903954,0.24540136754512787,19.23156241656966, N[C@H](C(=O)[O-])C(c1ccccc1)c1ccccc1
72,0,EVQLVESGGGLVQPGGSLRLSCAASGFTFRSFGMSWVRQAPGKEPEWVSSISGSGSDTLYADSVKGRFTISRDNAKTTLYLQMNSLKPEDTAVYYCTIGGSLSRSSQGTQVTVSSLPE,EVQLVESGGGLVQPGGSLRLSCAASGFTFRSFGMSWVRQAPGKEPEWVSSISGSGSDTLYADSVKGRFTISXDNAKTTLYLQMNSLKPEDTAVYYCTIGGSLSRSSQGTQVTVSSLPE,NAT,-0.3707324720712677,0.19465908408164978,24.960070229200937, N[C@H](C(=O)[O-])C(c1ccccc1)c1ccccc1
73,0,EVQLVESGGGLVQPGGSLRLSCAASGFTFRSFGMSWVRQAPGKEPEWVSSISGSGSDTLYADSVKGRFTISRDNAKTTLYLQMNSLKPEDTAVYYCTIGGSLSRSSQGTQVTVSSLPE,EVQLVESGGGLVQPGGSLRLSCAASGFTFRSFGMSWVRQAPGKEPEWVSSISGSGSDTLYADSVKGRFTISRXNAKTTLYLQMNSLKPEDTAVYYCTIGGSLSRSSQGTQVTVSSLPE,NAT,0.5636069431629949,0.15246856212615967,18.29778340987764, N[C@H](C(=O)[O-])C(c1ccccc1)c1ccccc1
74,0,EVQLVESGGGLVQPGGSLRLSCAASGFTFRSFGMSWVRQAPGKEPEWVSSISGSGSDTLYADSVKGRFTISRDNAKTTLYLQMNSLKPEDTAVYYCTIGGSLSRSSQGTQVTVSSLPE,EVQLVESGGGLVQPGGSLRLSCAASGFTFRSFGMSWVRQAPGKEPEWVSSISGSGSDTLYADSVKGRFTISRDXAKTTLYLQMNSLKPEDTAVYYCTIGGSLSRSSQGTQVTVSSLPE,NAT,0.004585872747156827,0.24678678810596466,18.86845963162682, N[C@H](C(=O)[O-])C(c1ccccc1)c1ccccc1
75,0,EVQLVESGGGLVQPGGSLRLSCAASGFTFRSFGMSWVRQAPGKEPEWVSSISGSGSDTLYADSVKGRFTISRDNAKTTLYLQMNSLKPEDTAVYYCTIGGSLSRSSQGTQVTVSSLPE,EVQLVESGGGLVQPGGSLRLSCAASGFTFRSFGMSWVRQAPGKEPEWVSSISGSGSDTLYADSVKGRFTISRDNXKTTLYLQMNSLKPEDTAVYYCTIGGSLSRSSQGTQVTVSSLPE,NAT,0.0463899348724226,0.2437800168991089,13.014400535582581, N[C@H](C(=O)[O-])C(c1ccccc1)c1ccccc1
76,0,EVQLVESGGGLVQPGGSLRLSCAASGFTFRSFGMSWVRQAPGKEPEWVSSISGSGSDTLYADSVKGRFTISRDNAKTTLYLQMNSLKPEDTAVYYCTIGGSLSRSSQGTQVTVSSLPE,EVQLVESGGGLVQPGGSLRLSCAASGFTFRSFGMSWVRQAPGKEPEWVSSISGSGSDTLYADSVKGRFTISRDNAXTTLYLQMNSLKPEDTAVYYCTIGGSLSRSSQGTQVTVSSLPE,NAT,0.7111269068723232,0.15630924701690674,14.214005726953701, N[C@H](C(=O)[O-])C(c1ccccc1)c1ccccc1
77,0,EVQLVESGGGLVQPGGSLRLSCAASGFTFRSFGMSWVRQAPGKEPEWVSSISGSGSDTLYADSVKGRFTISRDNAKTTLYLQMNSLKPEDTAVYYCTIGGSLSRSSQGTQVTVSSLPE,EVQLVESGGGLVQPGGSLRLSCAASGFTFRSFGMSWVRQAPGKEPEWVSSISGSGSDTLYADSVKGRFTISRDNAKXTLYLQMNSLKPEDTAVYYCTIGGSLSRSSQGTQVTVSSLPE,NAT,0.0702157689465821,0.24236498773097992,7.794357103041648, N[C@H](C(=O)[O-])C(c1ccccc1)c1ccccc1
78,0,EVQLVESGGGLVQPGGSLRLSCAASGFTFRSFGMSWVRQAPGKEPEWVSSISGSGSDTLYADSVKGRFTISRDNAKTTLYLQMNSLKPEDTAVYYCTIGGSLSRSSQGTQVTVSSLPE,EVQLVESGGGLVQPGGSLRLSCAASGFTFRSFGMSWVRQAPGKEPEWVSSISGSGSDTLYADSVKGRFTISRDNAKTXLYLQMNSLKPEDTAVYYCTIGGSLSRSSQGTQVTVSSLPE,NAT,0.18992532601168932,0.15404987335205078,28.321277670567042, N[C@H](C(=O)[O-])C(c1ccccc1)c1ccccc1
79,0,EVQLVESGGGLVQPGGSLRLSCAASGFTFRSFGMSWVRQAPGKEPEWVSSISGSGSDTLYADSVKGRFTISRDNAKTTLYLQMNSLKPEDTAVYYCTIGGSLSRSSQGTQVTVSSLPE,EVQLVESGGGLVQPGGSLRLSCAASGFTFRSFGMSWVRQAPGKEPEWVSSISGSGSDTLYADSVKGRFTISRDNAKTTXYLQMNSLKPEDTAVYYCTIGGSLSRSSQGTQVTVSSLPE,NAT,-0.35020010847256344,0.10366718471050262,70.83112189723579, N[C@H](C(=O)[O-])C(c1ccccc1)c1ccccc1
8,0,EVQLVESGGGLVQPGGSLRLSCAASGFTFRSFGMSWVRQAPGKEPEWVSSISGSGSDTLYADSVKGRFTISRDNAKTTLYLQMNSLKPEDTAVYYCTIGGSLSRSSQGTQVTVSSLPE,EVQLVESXGGLVQPGGSLRLSCAASGFTFRSFGMSWVRQAPGKEPEWVSSISGSGSDTLYADSVKGRFTISRDNAKTTLYLQMNSLKPEDTAVYYCTIGGSLSRSSQGTQVTVSSLPE,NAT,-0.2985468311476325,0.2643696665763855,129.63925282017044, N[C@H](C(=O)[O-])C(c1ccccc1)c1ccccc1
80,0,EVQLVESGGGLVQPGGSLRLSCAASGFTFRSFGMSWVRQAPGKEPEWVSSISGSGSDTLYADSVKGRFTISRDNAKTTLYLQMNSLKPEDTAVYYCTIGGSLSRSSQGTQVTVSSLPE,EVQLVESGGGLVQPGGSLRLSCAASGFTFRSFGMSWVRQAPGKEPEWVSSISGSGSDTLYADSVKGRFTISRDNAKTTLXLQMNSLKPEDTAVYYCTIGGSLSRSSQGTQVTVSSLPE,NAT,-0.29105287681250047,0.2607611417770386,17.69397355401884, N[C@H](C(=O)[O-])C(c1ccccc1)c1ccccc1
81,0,EVQLVESGGGLVQPGGSLRLSCAASGFTFRSFGMSWVRQAPGKEPEWVSSISGSGSDTLYADSVKGRFTISRDNAKTTLYLQMNSLKPEDTAVYYCTIGGSLSRSSQGTQVTVSSLPE,EVQLVESGGGLVQPGGSLRLSCAASGFTFRSFGMSWVRQAPGKEPEWVSSISGSGSDTLYADSVKGRFTISRDNAKTTLYXQMNSLKPEDTAVYYCTIGGSLSRSSQGTQVTVSSLPE,NAT,1.0146306044130142,0.1434653401374817,56.47962818212136, N[C@H](C(=O)[O-])C(c1ccccc1)c1ccccc1
82,0,EVQLVESGGGLVQPGGSLRLSCAASGFTFRSFGMSWVRQAPGKEPEWVSSISGSGSDTLYADSVKGRFTISRDNAKTTLYLQMNSLKPEDTAVYYCTIGGSLSRSSQGTQVTVSSLPE,EVQLVESGGGLVQPGGSLRLSCAASGFTFRSFGMSWVRQAPGKEPEWVSSISGSGSDTLYADSVKGRFTISRDNAKTTLYLXMNSLKPEDTAVYYCTIGGSLSRSSQGTQVTVSSLPE,NAT,0.0020519411737041082,0.2516269087791443,16.340384444638175, N[C@H](C(=O)[O-])C(c1ccccc1)c1ccccc1
83,0,EVQLVESGGGLVQPGGSLRLSCAASGFTFRSFGMSWVRQAPGKEPEWVSSISGSGSDTLYADSVKGRFTISRDNAKTTLYLQMNSLKPEDTAVYYCTIGGSLSRSSQGTQVTVSSLPE,EVQLVESGGGLVQPGGSLRLSCAASGFTFRSFGMSWVRQAPGKEPEWVSSISGSGSDTLYADSVKGRFTISRDNAKTTLYLQXNSLKPEDTAVYYCTIGGSLSRSSQGTQVTVSSLPE,NAT,0.15274993676212034,0.18482355773448944,33.882019402047035, N[C@H](C(=O)[O-])C(c1ccccc1)c1ccccc1
84,0,EVQLVESGGGLVQPGGSLRLSCAASGFTFRSFGMSWVRQAPGKEPEWVSSISGSGSDTLYADSVKGRFTISRDNAKTTLYLQMNSLKPEDTAVYYCTIGGSLSRSSQGTQVTVSSLPE,EVQLVESGGGLVQPGGSLRLSCAASGFTFRSFGMSWVRQAPGKEPEWVSSISGSGSDTLYADSVKGRFTISRDNAKTTLYLQMXSLKPEDTAVYYCTIGGSLSRSSQGTQVTVSSLPE,NAT,0.3429486230375005,0.13311941921710968,15.311681479212893, N[C@H](C(=O)[O-])C(c1ccccc1)c1ccccc1
85,0,EVQLVESGGGLVQPGGSLRLSCAASGFTFRSFGMSWVRQAPGKEPEWVSSISGSGSDTLYADSVKGRFTISRDNAKTTLYLQMNSLKPEDTAVYYCTIGGSLSRSSQGTQVTVSSLPE,EVQLVESGGGLVQPGGSLRLSCAASGFTFRSFGMSWVRQAPGKEPEWVSSISGSGSDTLYADSVKGRFTISRDNAKTTLYLQMNXLKPEDTAVYYCTIGGSLSRSSQGTQVTVSSLPE,NAT,0.03420026340882032,0.24821169674396515,14.583138146081637, N[C@H](C(=O)[O-])C(c1ccccc1)c1ccccc1
86,0,EVQLVESGGGLVQPGGSLRLSCAASGFTFRSFGMSWVRQAPGKEPEWVSSISGSGSDTLYADSVKGRFTISRDNAKTTLYLQMNSLKPEDTAVYYCTIGGSLSRSSQGTQVTVSSLPE,EVQLVESGGGLVQPGGSLRLSCAASGFTFRSFGMSWVRQAPGKEPEWVSSISGSGSDTLYADSVKGRFTISRDNAKTTLYLQMNSXKPEDTAVYYCTIGGSLSRSSQGTQVTVSSLPE,NAT,-0.25384020098044857,0.25439345836639404,38.30993860390549, N[C@H](C(=O)[O-])C(c1ccccc1)c1ccccc1
87,0,EVQLVESGGGLVQPGGSLRLSCAASGFTFRSFGMSWVRQAPGKEPEWVSSISGSGSDTLYADSVKGRFTISRDNAKTTLYLQMNSLKPEDTAVYYCTIGGSLSRSSQGTQVTVSSLPE,EVQLVESGGGLVQPGGSLRLSCAASGFTFRSFGMSWVRQAPGKEPEWVSSISGSGSDTLYADSVKGRFTISRDNAKTTLYLQMNSLXPEDTAVYYCTIGGSLSRSSQGTQVTVSSLPE,NAT,0.018620181723235874,0.250213623046875,14.148146059142846, N[C@H](C(=O)[O-])C(c1ccccc1)c1ccccc1
88,0,EVQLVESGGGLVQPGGSLRLSCAASGFTFRSFGMSWVRQAPGKEPEWVSSISGSGSDTLYADSVKGRFTISRDNAKTTLYLQMNSLKPEDTAVYYCTIGGSLSRSSQGTQVTVSSLPE,EVQLVESGGGLVQPGGSLRLSCAASGFTFRSFGMSWVRQAPGKEPEWVSSISGSGSDTLYADSVKGRFTISRDNAKTTLYLQMNSLKXEDTAVYYCTIGGSLSRSSQGTQVTVSSLPE,NAT,0.3455044728871144,0.13538533449172974,22.665313333726544, N[C@H](C(=O)[O-])C(c1ccccc1)c1ccccc1
89,0,EVQLVESGGGLVQPGGSLRLSCAASGFTFRSFGMSWVRQAPGKEPEWVSSISGSGSDTLYADSVKGRFTISRDNAKTTLYLQMNSLKPEDTAVYYCTIGGSLSRSSQGTQVTVSSLPE,EVQLVESGGGLVQPGGSLRLSCAASGFTFRSFGMSWVRQAPGKEPEWVSSISGSGSDTLYADSVKGRFTISRDNAKTTLYLQMNSLKPXDTAVYYCTIGGSLSRSSQGTQVTVSSLPE,NAT,-0.27072830202678233,0.25855281949043274,11.655363730711088, N[C@H](C(=O)[O-])C(c1ccccc1)c1ccccc1
9,0,EVQLVESGGGLVQPGGSLRLSCAASGFTFRSFGMSWVRQAPGKEPEWVSSISGSGSDTLYADSVKGRFTISRDNAKTTLYLQMNSLKPEDTAVYYCTIGGSLSRSSQGTQVTVSSLPE,EVQLVESGXGLVQPGGSLRLSCAASGFTFRSFGMSWVRQAPGKEPEWVSSISGSGSDTLYADSVKGRFTISRDNAKTTLYLQMNSLKPEDTAVYYCTIGGSLSRSSQGTQVTVSSLPE,NAT,0.08731191234710423,0.3318445384502411,71.28767639019861, N[C@H](C(=O)[O-])C(c1ccccc1)c1ccccc1
90,0,EVQLVESGGGLVQPGGSLRLSCAASGFTFRSFGMSWVRQAPGKEPEWVSSISGSGSDTLYADSVKGRFTISRDNAKTTLYLQMNSLKPEDTAVYYCTIGGSLSRSSQGTQVTVSSLPE,EVQLVESGGGLVQPGGSLRLSCAASGFTFRSFGMSWVRQAPGKEPEWVSSISGSGSDTLYADSVKGRFTISRDNAKTTLYLQMNSLKPEXTAVYYCTIGGSLSRSSQGTQVTVSSLPE,NAT,0.15368040541079608,0.16001908481121063,40.38024771745677, N[C@H](C(=O)[O-])C(c1ccccc1)c1ccccc1
91,0,EVQLVESGGGLVQPGGSLRLSCAASGFTFRSFGMSWVRQAPGKEPEWVSSISGSGSDTLYADSVKGRFTISRDNAKTTLYLQMNSLKPEDTAVYYCTIGGSLSRSSQGTQVTVSSLPE,EVQLVESGGGLVQPGGSLRLSCAASGFTFRSFGMSWVRQAPGKEPEWVSSISGSGSDTLYADSVKGRFTISRDNAKTTLYLQMNSLKPEDXAVYYCTIGGSLSRSSQGTQVTVSSLPE,NAT,0.16095744987342187,0.2217433601617813,16.79671137554078, N[C@H](C(=O)[O-])C(c1ccccc1)c1ccccc1
92,0,EVQLVESGGGLVQPGGSLRLSCAASGFTFRSFGMSWVRQAPGKEPEWVSSISGSGSDTLYADSVKGRFTISRDNAKTTLYLQMNSLKPEDTAVYYCTIGGSLSRSSQGTQVTVSSLPE,EVQLVESGGGLVQPGGSLRLSCAASGFTFRSFGMSWVRQAPGKEPEWVSSISGSGSDTLYADSVKGRFTISRDNAKTTLYLQMNSLKPEDTXVYYCTIGGSLSRSSQGTQVTVSSLPE,NAT,0.08711739727368695,0.29781821370124817,47.683363453005086, N[C@H](C(=O)[O-])C(c1ccccc1)c1ccccc1
93,0,EVQLVESGGGLVQPGGSLRLSCAASGFTFRSFGMSWVRQAPGKEPEWVSSISGSGSDTLYADSVKGRFTISRDNAKTTLYLQMNSLKPEDTAVYYCTIGGSLSRSSQGTQVTVSSLPE,EVQLVESGGGLVQPGGSLRLSCAASGFTFRSFGMSWVRQAPGKEPEWVSSISGSGSDTLYADSVKGRFTISRDNAKTTLYLQMNSLKPEDTAXYYCTIGGSLSRSSQGTQVTVSSLPE,NAT,0.03257389433292701,0.24555650353431702,17.5269443234979, N[C@H](C(=O)[O-])C(c1ccccc1)c1ccccc1
94,0,EVQLVESGGGLVQPGGSLRLSCAASGFTFRSFGMSWVRQAPGKEPEWVSSISGSGSDTLYADSVKGRFTISRDNAKTTLYLQMNSLKPEDTAVYYCTIGGSLSRSSQGTQVTVSSLPE,EVQLVESGGGLVQPGGSLRLSCAASGFTFRSFGMSWVRQAPGKEPEWVSSISGSGSDTLYADSVKGRFTISRDNAKTTLYLQMNSLKPEDTAVXYCTIGGSLSRSSQGTQVTVSSLPE,NAT,0.027670158756336605,0.15902815759181976,53.02818998235307, N[C@H](C(=O)[O-])C(c1ccccc1)c1ccccc1
95,0,EVQLVESGGGLVQPGGSLRLSCAASGFTFRSFGMSWVRQAPGKEPEWVSSISGSGSDTLYADSVKGRFTISRDNAKTTLYLQMNSLKPEDTAVYYCTIGGSLSRSSQGTQVTVSSLPE,EVQLVESGGGLVQPGGSLRLSCAASGFTFRSFGMSWVRQAPGKEPEWVSSISGSGSDTLYADSVKGRFTISRDNAKTTLYLQMNSLKPEDTAVYXCTIGGSLSRSSQGTQVTVSSLPE,NAT,-0.3066171940404274,0.2602488398551941,18.02012861277808, N[C@H](C(=O)[O-])C(c1ccccc1)c1ccccc1
97,0,EVQLVESGGGLVQPGGSLRLSCAASGFTFRSFGMSWVRQAPGKEPEWVSSISGSGSDTLYADSVKGRFTISRDNAKTTLYLQMNSLKPEDTAVYYCTIGGSLSRSSQGTQVTVSSLPE,EVQLVESGGGLVQPGGSLRLSCAASGFTFRSFGMSWVRQAPGKEPEWVSSISGSGSDTLYADSVKGRFTISRDNAKTTLYLQMNSLKPEDTAVYYCXIGGSLSRSSQGTQVTVSSLPE,NAT,-0.7093553467348102,0.17335224151611328,19.58932098199398, N[C@H](C(=O)[O-])C(c1ccccc1)c1ccccc1
98,0,EVQLVESGGGLVQPGGSLRLSCAASGFTFRSFGMSWVRQAPGKEPEWVSSISGSGSDTLYADSVKGRFTISRDNAKTTLYLQMNSLKPEDTAVYYCTIGGSLSRSSQGTQVTVSSLPE,EVQLVESGGGLVQPGGSLRLSCAASGFTFRSFGMSWVRQAPGKEPEWVSSISGSGSDTLYADSVKGRFTISRDNAKTTLYLQMNSLKPEDTAVYYCTXGGSLSRSSQGTQVTVSSLPE,NAT,0.42350478983962603,0.13084664940834045,12.75683155330944, N[C@H](C(=O)[O-])C(c1ccccc1)c1ccccc1
99,0,EVQLVESGGGLVQPGGSLRLSCAASGFTFRSFGMSWVRQAPGKEPEWVSSISGSGSDTLYADSVKGRFTISRDNAKTTLYLQMNSLKPEDTAVYYCTIGGSLSRSSQGTQVTVSSLPE,EVQLVESGGGLVQPGGSLRLSCAASGFTFRSFGMSWVRQAPGKEPEWVSSISGSGSDTLYADSVKGRFTISRDNAKTTLYLQMNSLKPEDTAVYYCTIXGSLSRSSQGTQVTVSSLPE,NAT,-0.5299603792414018,0.18850493431091309,10.09256378528562, N[C@H](C(=O)[O-])C(c1ccccc1)c1ccccc1
