Position,Mutant Sequence,NCAA String,Score Difference
160,QVQLQESGGGSVQPGGSLRLSCAASGFSLAYVAIGWFRQAPGKEREVFSCISSSGGSTNYADSVKGRFTISRDSAKNTVYLQMNSLKPEDTAVYYCAAIPGLRGSSCVSDPAYGHWGQGTQVTVSSFMLTPGNPKWERTNLTYRIRNYTPQLSEAEVERAIKDAF,insetSmiles,-8.9235913872
44,QVQLQESGGGSVQPGGSLRLSCAASGFSLAYVAIGWFRQAPGKEREVFSCISSSGGSTNYADSVKGRFTISRDSAKNTVYLQMNSLKPEDTAVYYCAAIPGLRGSSCVSDPAYGHWGQGTQVTVSSFMLTPGNPKWERTNLTYRIRNYTPQLSEAEVERAIKDAF,insetSmiles,-5.7307666876
165,QVQLQESGGGSVQPGGSLRLSCAASGFSLAYVAIGWFRQAPGKEREVFSCISSSGGSTNYADSVKGRFTISRDSAKNTVYLQMNSLKPEDTAVYYCAAIPGLRGSSCVSDPAYGHWGQGTQVTVSSFMLTPGNPKWERTNLTYRIRNYTPQLSEAEVERAIKDAF,insetSmiles,-4.989815728400001
161,QVQLQESGGGSVQPGGSLRLSCAASGFSLAYVAIGWFRQAPGKEREVFSCISSSGGSTNYADSVKGRFTISRDSAKNTVYLQMNSLKPEDTAVYYCAAIPGLRGSSCVSDPAYGHWGQGTQVTVSSFMLTPGNPKWERTNLTYRIRNYTPQLSEAEVERAIKDAF,insetSmiles,-2.623394526
153,QVQLQESGGGSVQPGGSLRLSCAASGFSLAYVAIGWFRQAPGKEREVFSCISSSGGSTNYADSVKGRFTISRDSAKNTVYLQMNSLKPEDTAVYYCAAIPGLRGSSCVSDPAYGHWGQGTQVTVSSFMLTPGNPKWERTNLTYRIRNYTPQLSEAEVERAIKDAF,insetSmiles,-2.387220013
157,QVQLQESGGGSVQPGGSLRLSCAASGFSLAYVAIGWFRQAPGKEREVFSCISSSGGSTNYADSVKGRFTISRDSAKNTVYLQMNSLKPEDTAVYYCAAIPGLRGSSCVSDPAYGHWGQGTQVTVSSFMLTPGNPKWERTNLTYRIRNYTPQLSEAEVERAIKDAF,insetSmiles,2.319801717
151,QVQLQESGGGSVQPGGSLRLSCAASGFSLAYVAIGWFRQAPGKEREVFSCISSSGGSTNYADSVKGRFTISRDSAKNTVYLQMNSLKPEDTAVYYCAAIPGLRGSSCVSDPAYGHWGQGTQVTVSSFMLTPGNPKWERTNLTYRIRNYTPQLSEAEVERAIKDAF,insetSmiles,10.257379832
45,QVQLQESGGGSVQPGGSLRLSCAASGFSLAYVAIGWFRQAPGKEREVFSCISSSGGSTNYADSVKGRFTISRDSAKNTVYLQMNSLKPEDTAVYYCAAIPGLRGSSCVSDPAYGHWGQGTQVTVSSFMLTPGNPKWERTNLTYRIRNYTPQLSEAEVERAIKDAF,insetSmiles,11.532528214
156,QVQLQESGGGSVQPGGSLRLSCAASGFSLAYVAIGWFRQAPGKEREVFSCISSSGGSTNYADSVKGRFTISRDSAKNTVYLQMNSLKPEDTAVYYCAAIPGLRGSSCVSDPAYGHWGQGTQVTVSSFMLTPGNPKWERTNLTYRIRNYTPQLSEAEVERAIKDAF,insetSmiles,219.202316898
