Position,Mutant Sequence,NCAA String,Backbone Delta
44,QVQLQESGGGSVQPGGSLRLSCAASGFSLAYVAIGWFRQAPGKEREVFSCISSSGGSTNYADSVKGRFTISRDSAKNTVYLQMNSLKPEDTAVYYCAAIPGLRGSSCVSDPAYGHWGQGTQVTVSSFMLTPGNPKWERTNLTYRIRNYTPQLSEAEVERAIKDAF,insetSmiles,0.1049774762
153,QVQLQESGGGSVQPGGSLRLSCAASGFSLAYVAIGWFRQAPGKEREVFSCISSSGGSTNYADSVKGRFTISRDSAKNTVYLQMNSLKPEDTAVYYCAAIPGLRGSSCVSDPAYGHWGQGTQVTVSSFMLTPGNPKWERTNLTYRIRNYTPQLSEAEVERAIKDAF,insetSmiles,0.1742133174
161,QVQLQESGGGSVQPGGSLRLSCAASGFSLAYVAIGWFRQAPGKEREVFSCISSSGGSTNYADSVKGRFTISRDSAKNTVYLQMNSLKPEDTAVYYCAAIPGLRGSSCVSDPAYGHWGQGTQVTVSSFMLTPGNPKWERTNLTYRIRNYTPQLSEAEVERAIKDAF,insetSmiles,0.26365816880000004
165,QVQLQESGGGSVQPGGSLRLSCAASGFSLAYVAIGWFRQAPGKEREVFSCISSSGGSTNYADSVKGRFTISRDSAKNTVYLQMNSLKPEDTAVYYCAAIPGLRGSSCVSDPAYGHWGQGTQVTVSSFMLTPGNPKWERTNLTYRIRNYTPQLSEAEVERAIKDAF,insetSmiles,0.2798703476
160,QVQLQESGGGSVQPGGSLRLSCAASGFSLAYVAIGWFRQAPGKEREVFSCISSSGGSTNYADSVKGRFTISRDSAKNTVYLQMNSLKPEDTAVYYCAAIPGLRGSSCVSDPAYGHWGQGTQVTVSSFMLTPGNPKWERTNLTYRIRNYTPQLSEAEVERAIKDAF,insetSmiles,0.3866993104
157,QVQLQESGGGSVQPGGSLRLSCAASGFSLAYVAIGWFRQAPGKEREVFSCISSSGGSTNYADSVKGRFTISRDSAKNTVYLQMNSLKPEDTAVYYCAAIPGLRGSSCVSDPAYGHWGQGTQVTVSSFMLTPGNPKWERTNLTYRIRNYTPQLSEAEVERAIKDAF,insetSmiles,0.42929367259999995
45,QVQLQESGGGSVQPGGSLRLSCAASGFSLAYVAIGWFRQAPGKEREVFSCISSSGGSTNYADSVKGRFTISRDSAKNTVYLQMNSLKPEDTAVYYCAAIPGLRGSSCVSDPAYGHWGQGTQVTVSSFMLTPGNPKWERTNLTYRIRNYTPQLSEAEVERAIKDAF,insetSmiles,0.8248746862
151,QVQLQESGGGSVQPGGSLRLSCAASGFSLAYVAIGWFRQAPGKEREVFSCISSSGGSTNYADSVKGRFTISRDSAKNTVYLQMNSLKPEDTAVYYCAAIPGLRGSSCVSDPAYGHWGQGTQVTVSSFMLTPGNPKWERTNLTYRIRNYTPQLSEAEVERAIKDAF,insetSmiles,1.39715001
156,QVQLQESGGGSVQPGGSLRLSCAASGFSLAYVAIGWFRQAPGKEREVFSCISSSGGSTNYADSVKGRFTISRDSAKNTVYLQMNSLKPEDTAVYYCAAIPGLRGSSCVSDPAYGHWGQGTQVTVSSFMLTPGNPKWERTNLTYRIRNYTPQLSEAEVERAIKDAF,insetSmiles,1.7925004744
