Position,Mutant Sequence,NCAA String,ddG
160,QVQLQESGGGSVQPGGSLRLSCAASGFSLAYVAIGWFRQAPGKEREVFSCISSSGGSTNYADSVKGRFTISRDSAKNTVYLQMNSLKPEDTAVYYCAAIPGLRGSSCVSDPAYGHWGQGTQVTVSSFMLTPGNPKWERTNLTYRIRNYTPQLSEAEVERAIKDAF,insetSmiles,-2.462415304
156,QVQLQESGGGSVQPGGSLRLSCAASGFSLAYVAIGWFRQAPGKEREVFSCISSSGGSTNYADSVKGRFTISRDSAKNTVYLQMNSLKPEDTAVYYCAAIPGLRGSSCVSDPAYGHWGQGTQVTVSSFMLTPGNPKWERTNLTYRIRNYTPQLSEAEVERAIKDAF,insetSmiles,-0.5751983018
161,QVQLQESGGGSVQPGGSLRLSCAASGFSLAYVAIGWFRQAPGKEREVFSCISSSGGSTNYADSVKGRFTISRDSAKNTVYLQMNSLKPEDTAVYYCAAIPGLRGSSCVSDPAYGHWGQGTQVTVSSFMLTPGNPKWERTNLTYRIRNYTPQLSEAEVERAIKDAF,insetSmiles,-0.4993311928
151,QVQLQESGGGSVQPGGSLRLSCAASGFSLAYVAIGWFRQAPGKEREVFSCISSSGGSTNYADSVKGRFTISRDSAKNTVYLQMNSLKPEDTAVYYCAAIPGLRGSSCVSDPAYGHWGQGTQVTVSSFMLTPGNPKWERTNLTYRIRNYTPQLSEAEVERAIKDAF,insetSmiles,-0.3701274282
45,QVQLQESGGGSVQPGGSLRLSCAASGFSLAYVAIGWFRQAPGKEREVFSCISSSGGSTNYADSVKGRFTISRDSAKNTVYLQMNSLKPEDTAVYYCAAIPGLRGSSCVSDPAYGHWGQGTQVTVSSFMLTPGNPKWERTNLTYRIRNYTPQLSEAEVERAIKDAF,insetSmiles,-0.314261328
153,QVQLQESGGGSVQPGGSLRLSCAASGFSLAYVAIGWFRQAPGKEREVFSCISSSGGSTNYADSVKGRFTISRDSAKNTVYLQMNSLKPEDTAVYYCAAIPGLRGSSCVSDPAYGHWGQGTQVTVSSFMLTPGNPKWERTNLTYRIRNYTPQLSEAEVERAIKDAF,insetSmiles,-0.057321034199999996
44,QVQLQESGGGSVQPGGSLRLSCAASGFSLAYVAIGWFRQAPGKEREVFSCISSSGGSTNYADSVKGRFTISRDSAKNTVYLQMNSLKPEDTAVYYCAAIPGLRGSSCVSDPAYGHWGQGTQVTVSSFMLTPGNPKWERTNLTYRIRNYTPQLSEAEVERAIKDAF,insetSmiles,0.011588574400000001
165,QVQLQESGGGSVQPGGSLRLSCAASGFSLAYVAIGWFRQAPGKEREVFSCISSSGGSTNYADSVKGRFTISRDSAKNTVYLQMNSLKPEDTAVYYCAAIPGLRGSSCVSDPAYGHWGQGTQVTVSSFMLTPGNPKWERTNLTYRIRNYTPQLSEAEVERAIKDAF,insetSmiles,1.2496862866
157,QVQLQESGGGSVQPGGSLRLSCAASGFSLAYVAIGWFRQAPGKEREVFSCISSSGGSTNYADSVKGRFTISRDSAKNTVYLQMNSLKPEDTAVYYCAAIPGLRGSSCVSDPAYGHWGQGTQVTVSSFMLTPGNPKWERTNLTYRIRNYTPQLSEAEVERAIKDAF,insetSmiles,1.473217288
